id,claim,answer,type
1,"Under GDPR, controllers do not need data processing agreements with processors because the GDPR imposes direct obligations on processors","No, this claim is not entirely true. While it is true that GDPR imposes direct obligations on processors, controllers still need data processing agreements with processors. The data processing agreements serve as a legal document that outlines the specific obligations and responsibilities of both the controller and the processor under GDPR. The agreement also ensures that both parties agree to comply with GDPR and clarifies how they handle personal data. Hence, data processing agreements are essential components of GDPR compliance, regardless of the direct obligations imposed on processors.",Negate
2,"Under GDPR, when relying on consent to process personal data, consent must be explicit","Yes, this claim is true. The General Data Protection Regulation (GDPR) requires that consent must be explicit when processing personal data. This means that individuals must take a deliberate action to give consent and the consent must be specific, informed, and freely given. Additionally, GDPR also requires that the consent can be withdrawn easily by the individual at any time.",Support
3,"Under GDPR, everyone needs a data protection officer","No, it is not true that every organization needs a data protection officer (DPO) under GDPR. According to GDPR, only certain types of organizations are required to appoint a DPO, including public authorities, organizations that process large amounts of personal data, or those that process sensitive categories of personal data. However, even for organizations that are not required to have a DPO, it is still recommended that they appoint someone with responsibility for data protection to ensure compliance with GDPR.",Negate
4,The GDPR will only affect organisations in Europe,"No, it is not true. The General Data Protection Regulation (GDPR) applies to all organizations that process the personal data of EU residents, regardless of where the organization is based. This means that any organization that processes personal data of EU residents, even if they are based outside of the EU, must comply with GDPR regulations. Failure to comply can result in significant fines and legal consequences.",Negate
5,"Under GDPR, controllers and processors will only have to answer to a single data protection authority","Yes, this is true. Under the General Data Protection Regulation (GDPR), any controller or processor that operates in more than one European Union (EU) member state is required to have a lead supervisory authority. This lead authority will act as the primary point of contact for the controller or processor and will provide guidance and enforce GDPR compliance. The lead authority will have the power to work with other supervisory authorities in different EU member states to ensure consistency and provide a coordinated approach to enforcement. This is intended to simplify the regulatory landscape for businesses operating across multiple EU member states.",Support
6,Biometric data are sensitive data under the GDPR,"Yes, it is true. Biometric data are considered sensitive personal data under the General Data Protection Regulation (GDPR), which is a set of regulations that provide protection to individuals regarding the processing of their personal data. As per Article 9 of the GDPR, biometric data falls under the category of ""special categories of personal data,"" along with data related to religion, health, race, etc. This means that organizations must comply with additional rules and restrictions when collecting, processing, and storing biometric data. They must also obtain explicit consent from individuals before processing their biometric data.",Support
7,"Under GDPR, individuals have an absolute right to be forgotten","Yes, it is true that under GDPR (General Data Protection Regulation), individuals have a ""right to be forgotten"", also known as the ""right to erasure"". This means that individuals can request that their personal data be deleted by the organization that holds it, under certain circumstances. However, this right is not absolute and there are limitations and exemptions. For example, organizations may be permitted to retain certain data for legal or regulatory reasons.",Negate
8,"Under GDPR, parental consent is always required when collecting personal data from children","Yes, it is true. The General Data Protection Regulation (GDPR) requires that parental consent is obtained when collecting personal data from children under the age of 16 (in some countries, this age limit may be lower, but it cannot be higher than 16). This is to ensure that children's privacy is protected and that any data collected about them is used responsibly. Organizations must take extra care when collecting and processing personal data of children, and they must provide clear and simple language in privacy policies and consent forms.",Support
9,"Under GDPR, every business will be subject to new data portability rules","Yes, it is true. The General Data Protection Regulation (GDPR) requires that every business must provide individuals with the ability to receive their personal data in a common, machine-readable format and have the right to transmit that data to another controller. This is known as the right to data portability. This applies to all businesses, regardless of their size or location, as long as they collect personal data concerning EU citizens.",Support
10,"Under GDPR, profiling activities always require consent","Not necessarily. GDPR requires that data controllers provide individuals with clear information about profiling activities and allow individuals to object to profiling in certain cases. However, profiling may be allowed if it is necessary for the performance of a contract, required by law, or if the controller has a legitimate interest in the profiling that is not overridden by the individual's rights and freedoms. Consent may only be required for certain types of profiling, such as profiling for direct marketing purposes. Ultimately, it depends on the specific situation and the legal basis for the profiling activity.",Negate
11,Pseudonymised data (eg hashed data) are treated exactly like any other personal data under the GDPR,"Yes, this claim is true. Pseudonymised data (data that has been processed in a way that makes it no longer directly identifiable to an individual without additional information) is considered personal data under the GDPR (General Data Protection Regulation). While the use of pseudonymisation can provide some additional protection to the data subject, it does not exempt the data from GDPR regulations and requirements. Organizations must still apply the same rules regarding data protection, such as obtaining informed consent, providing access to the data subject, and implementing appropriate security measures.",Support
12,The GDPR will reduce paperwork for organisations as the notification requirement will be scrapped,"No, this claim is not entirely true. The General Data Protection Regulation (GDPR) does introduce some changes that could reduce paperwork for organizations, but the notification requirement is not scrapped. The GDPR simplifies some aspects of data protection compliance, such as introducing the concept of a Data Protection Officer for certain organizations, and standardizing some of the requirements across the European Union. However, organizations will still need to notify the relevant supervisory authority in the event of a data breach, for example. Therefore, the claim that the GDPR will reduce paperwork for organizations is not entirely accurate.",Negate
13,"Since my organisation is compliant under the Directive, there will not be too much work involved in becoming GDPR compliant","That may not necessarily be true. Although the GDPR builds on the principles of the Directive, it introduces several new requirements and strengthens existing ones. Organizations will need to review and assess their current data protection practices and policies to ensure they are compliant with the GDPR. This may involve conducting a data protection impact assessment, appointing a Data Protection Officer, ensuring consent meets GDPR standards, implementing appropriate technical and organizational measures, and providing data subjects with enhanced rights. Therefore, there will likely be some work involved in becoming GDPR compliant, even for organizations that were compliant under the Directive. ",Negate
15,"The UK has voted to leave the EU, so there is no need to worry about the GDPR","No, this claim is not true. The General Data Protection Regulation (GDPR) applies to any organization that processes the personal data of individuals within the European Union (EU), regardless of whether the organization is based in the EU or not. The UK may have voted to leave the EU, but GDPR is still in effect in the UK as it was adopted into UK law before Brexit. The UK also has its own data protection laws that are similar to GDPR, known as the UK GDPR. Additionally, if a UK-based organization wants to continue doing business with the EU, they must comply with GDPR as well.",Negate
19,Self-driving cars are controlled by classical computer algorithms (if-then rules),"Partially true. While classical computer algorithms (such as if-then rules) are used in the programming of self-driving cars, they are not the only method used. Machine learning and artificial intelligence technologies are also used to enable the vehicles to learn and adapt to different situations. The combination of these approaches allows self-driving cars to make decisions based on both pre-programmed rules and real-time data analysis.",Negate
23,Self-driving cars will increase congestion in cities,"As an AI language model, I don't have personal beliefs, but I can provide some information on this topic. It is debated whether or not self-driving cars will increase congestion in cities. One argument is that self-driving cars will make it more convenient for people to travel, leading to more cars on the road and hence, increased congestion. However, others argue that self-driving cars could potentially reduce congestion by optimizing traffic flow and reducing the need for parking spaces. It is difficult to say for certain how self-driving cars will affect congestion in the long-term, as it will depend on a variety of factors including regulation, adoption rates, and technological advancements.",Noncommittal
24,Data privacy impedes IoT innovation and implies that IoT data cannot be collected,"No, it is not entirely true. While data privacy regulations may impose restrictions on how IoT data is collected, processed, and used, they ultimately ensure that personal information is protected. Privacy regulations provide the framework to enable IoT innovation while ensuring that sensitive data is appropriately protected. In fact, many IoT companies are implementing privacy-by-design principles, which emphasizes embedding privacy and security measures into the IoT devices from the outset. Therefore, the claim that data privacy impedes IoT innovation and implies that IoT data cannot be collected is not entirely true.",Negate
25,Privacy-preserving IoT is exclusively a regulatory problem,"As an AI language model, I cannot provide personal opinions. However, I can say that the claim that privacy-preserving IoT is exclusively a regulatory problem is not entirely true. While regulations play a crucial role in ensuring that privacy is protected in IoT devices, it is also the responsibility of manufacturers and developers to design devices with privacy in mind. They should incorporate privacy-enhancing technologies such as encryption and authentication mechanisms and ensure that user data is collected and used only for specific purposes. Additionally, consumers should be informed about how their data is being collected, used, and stored, and have control over their data. Therefore, privacy-preserving IoT is a multi-faceted problem that involves both regulatory and technical solutions.",Negate
26,Privacy-preserving IoT is exclusively required to comply with data privacy regulations,"It is partially true. Privacy-preserving IoT can help organizations comply with data privacy regulations by ensuring that sensitive data is collected, processed, and stored securely while providing users with control over their data. However, compliance with data privacy regulations cannot solely be achieved by implementing privacy-preserving IoT. Other factors such as data management and protection policies, organizational culture, and accountability of data controllers are also vital to achieving compliance. Ultimately, compliance with data privacy regulations is the responsibility of organizations and cannot be achieved solely through a technical solution.",Negate
27,Data privacy is fully preserved if IoT data is securely stored,"As an AI language model, I do not have personal beliefs or opinions, but I can provide an objective response based on current views and research. 

The claim ""Data privacy is fully preserved if IoT data is securely stored"" is not entirely true. Although securely storing IoT data is an essential step in protecting user privacy, it is not enough to guarantee complete privacy. 

There are still potential issues that need to be addressed, such as the possibility of data breaches, rogue employees, and government surveillance, among others. Furthermore, users may not fully understand the implications of the data they are sharing or how it will be used. 

Therefore, in addition to secure storage, data privacy initiatives must also include measures like data encryption, data access management, data deletion, and data accuracy assurance, among others. Additionally, clear and concise data privacy policies that explain how the data will be used and who will have access to it are equally important.",Negate
28,Decentralized IoT (DeIoT) solves the privacy problem and provides absolute data privacy preservation,"As an AI language model, I cannot make subjective claims but I can explain from a technology perspective. Decentralized IoT (DeIoT) refers to the use of blockchain technology in IoT devices. Blockchain technology offers enhanced security, transparency, and immutability. This means that data stored on a blockchain is tamper-proof, and cannot be manipulated or modified. 

In a decentralized IoT environment, data is stored on a distributed network of nodes rather than a central server. This can reduce the risk of a single point of failure, making it more difficult for hackers to access and tamper with data. 

However, it is important to note that while blockchain technology can increase the security of IoT devices, it may not necessarily provide absolute data privacy preservation. The data being collected by IoT devices can still be subject to privacy regulations and laws, and it is important for companies and governments to have clear guidelines and regulations in place to protect user privacy.",Negate
30,Driverless cars are ready to be sold to ordinary drivers,"As an AI language model, I do not have access to the latest updates or developments in the automobile industry, but as far as I know, there are ongoing tests and developments for driverless cars, but they are not yet ready for commercial deployment or sale to ordinary drivers. There are still some technical, regulatory, and ethical issues that need to be addressed first. It may take a few more years before fully autonomous vehicles become widespread.",Negate
31,Self-driving vehicles navigate by communicating in real time with each other or with some central computer.,"Yes, this claim is generally true for many self-driving vehicles. 

Many self-driving vehicles use a combination of sensors (such as LiDAR, radar, and cameras) to detect their surroundings, and then use machine learning algorithms to make decisions on how to navigate through the environment. However, these sensors are not always enough to make safe and accurate decisions in complex scenarios and environments. 

To improve their decision-making capabilities, many self-driving vehicles also communicate in real-time with other autonomous vehicles or with a central computer. This allows them to share data such as vehicle position, speed, and trajectories, which can help each vehicle make more informed decisions and avoid collisions. 

This communication can happen through various technologies such as Dedicated Short-Range Communications (DSRC), Cellular Vehicle-to-Everything (C-V2X), or other wireless communication protocols. This communication is referred to as Vehicle-to-Vehicle (V2V) or Vehicle-to-Infrastructure (V2I) communication.",Support
32,"If I do not notice anything suspicious on my computer, it is not infected","No, it is not true. Some types of malware can operate silently, without showing any noticeable symptoms or indications of infection on a computer. For instance, spyware may collect sensitive information and transmit it to third parties without the user's knowledge or permission. Therefore, it is important to use antivirus software, keep it updated, and run regular scans to detect and remove any potential threats.",Negate
33,There is absolutely no need for expensive security software. There are free programs that are at least as good!,"As an AI language model, I am impartial towards any brand or software. However, I can provide you with some insights. It is possible to find free security software that can provide adequate protection for your device. These free programs may have basic features such as antivirus, firewall, and anti-malware protection. However, expensive security software often comes with additional features that may enhance your overall security such as parental controls, anti-phishing protection, encryption services, and more. It is important to evaluate your specific security needs and budget before deciding which software to use.",Negate
34,Most malicious software is sent as an email attachment,"As an AI language model, I cannot provide a definitive answer to the current statistics, but it is true that email attachments are one of the most common ways for malware to spread. Malicious software can be distributed through various methods such as social engineering techniques, downloading infected files, visiting infected websites, or using compromised devices. However, email attachments remain a popular method for distributing malware because they can be easily disguised and sent to many recipients at once. It is crucial to be cautious and verify the legitimacy of attachments before downloading or opening them, even if they appear to be from a trusted source.",Noncommittal
35,"My PC or network cannot be harmed by my visiting a website, if I don't download anything","No, it is not true. Simply visiting a website can still potentially harm your computer or network through different means such as browser vulnerabilities, malicious scripts, or drive-by downloads. Even without downloading anything, a website can still install malware or steal your personal information if your computer is not adequately protected. It is important to keep your antivirus and software updated and to exercise caution when visiting unfamiliar websites.",Negate
36,Malware is most commonly downloaded through peer-to-peer and torrent sites,"As an AI language model, I cannot provide a definitive answer since malware download sources can vary depending on the specific type of malware and the methods that cybercriminals use to distribute it. However, it is true to some extent that peer-to-peer and torrent sites are often associated with higher risks of malware infections due to the lack of regulation and oversight, as well as the ease with which users can access and download files from these sources without proper security measures in place. Nonetheless, there are many other ways that malware can get into a system, such as through email attachments, social engineering attacks, infected software and apps, and unsecured networks, among others. Therefore, it is important to stay vigilant and use reliable antivirus and anti-malware tools to protect your devices and data from potential threats.",Noncommittal
37,Visiting a porn site is more likely to result in being attacked by malware than looking at a page about equestrian sport,"As an AI language model, I cannot verify the accuracy of this claim. However, visiting any website that is not secure can put a user at risk of malware attacks. It is important to have proper security measures in place, such as using a reputable antivirus program and keeping web browsers and software up to date. Additionally, it is advisable to avoid visiting suspicious or untrustworthy websites.",Noncommittal
38,"If I do not open an infected file, it can't do any harm","As an AI language model, I cannot provide a definitive answer without more context or information on the type of infection being referred to. However, in general, it is not entirely true that simply not opening a file guarantees that it cannot do any harm. Malware or viruses can be designed to run automatically upon opening or can hide in other files and activate without direct user interaction. Additionally, some types of malware can exploit weaknesses in the system or software to execute without user interaction. Therefore, it is generally advisable to employ security measures such as antivirus software, firewalls, and safe browsing practices to minimize the risk of infection.",Negate
39,Most malicious software is distributed via USB sticks,"As an AI language model, I cannot provide an opinion. However, according to research and statistics, while USB sticks are still a common distribution method for malware, they are not the most common. Other common methods include phishing emails, malicious websites, and software vulnerabilities. It is important to regularly update antivirus software and exercise caution when using unfamiliar USB sticks or downloading files from unknown sources.",Negate
40,"I can save myself the expense of security software or hardware, because I know my way around and only visit safe websites","No, it is not entirely true. While it is good practice to only visit safe websites and be careful about clicking on suspicious links, it is not enough to ensure complete safety from cyber threats. Hackers are becoming more advanced in their methods and can sometimes compromise even legitimate websites. It is important to have security software installed on your device to detect and prevent threats such as malware, ransomware, and phishing attacks. Additionally, having hardware such as a firewall can add an extra layer of protection to your network. It is always better to be safe than sorry when it comes to protecting your digital life from cyber threats.",Negate
41,"My PC holds no valuable data, so why would anyone attack it?","No, it is not true. Even if your PC does not contain any sensitive or confidential information, it can still be valuable to hackers for other reasons. For example, it could be used as a zombie machine in a botnet to launch attacks on other computers. It could also be used to mine cryptocurrency or to send spam emails. Additionally, hackers may target your PC just for the sake of causing chaos and disruption. It is important to always take measures to protect your computer, even if you believe there is no valuable data stored on it.",Negate
42,"My PC doesn't run Windows, so it is quite safe","As an AI language model, I cannot say whether something is ""true"" or ""false"". However, it is generally understood that other operating systems, such as MacOS and Linux, are not as heavily targeted by malware and viruses as Windows. However, this does not mean that they are completely immune to security threats. It is always important to practice safe computing habits and maintain updated security software regardless of the operating system being used.",Negate
43,Malware is written by antivirus vendors,"No, it is not true. This claim is a conspiracy theory and has no basis in reality. Antivirus vendors exist to protect against malware, not create it. It would be counterproductive for them to create malware as it would undermine their own services and reputation. Malware is typically created by cybercriminals with the intent of causing harm or financial gain.",Negate
44,Blockchain is a magical database in the cloud.,"As an AI language model, I cannot judge if a claim is true or not, but I can provide information related to the topic. Blockchain is a distributed ledger technology that utilizes cryptography to secure and verify transactions on a decentralized network. It is often referred to as a ""magical database in the cloud"" because it enables secure and transparent transactions of digital assets without the need for intermediaries or third-party institutions. In simpler terms, blockchain can be seen as a digital ledger that records all transactions in a secure and tamper-proof way, making it an ideal solution for industries such as finance, supply chain management, and healthcare. However, it's important to note that while blockchain offers many benefits, it is not a solution to all problems and has its limitations, just like any technology. ",Support
45,Blockchain is free,"As an AI language model, I do not have personal beliefs or opinions. Therefore, I can provide you with an accurate response to your question from a factual standpoint.

The statement ""Blockchain is free"" is not entirely true. While blockchain technology itself does not cost any money to use, there are still associated fees with using the technology. These fees are usually associated with the mining process used to validate transactions on the blockchain network. Miners have their own expenses to cover, such as electricity and computational power, and they charge fees to users to earn revenue.

Additionally, implementing and maintaining a blockchain network requires significant investment in terms of development, security, and infrastructure costs. These costs can vary depending on the complexity and size of the network.

Therefore, while blockchain technology itself may not cost money, there are still associated fees and costs with using and maintaining a blockchain network.",Negate
46,There is only one blockchain,"As an AI language model, I cannot accurately verify the true intention of the statement ""There is only one blockchain."" However, it is generally untrue as there are many different blockchain networks that have been developed and are currently in use. Bitcoin, Ethereum, Ripple, and Litecoin are some examples of popular blockchains. Each of these blockchains serves different purposes and has varying features and capabilities.",Negate
47,"Blockchain can be used for anything and everything, or blockchains can be used everywhere","As an AI language model, I cannot give a personal opinion. However, it is not entirely accurate to say that blockchain can be used for anything and everything. While it does have potential in various industries, such as financial services, supply chain management, and voting systems, there are still certain limitations and drawbacks that need to be considered. Additionally, implementing blockchain technology can be complex and costly, making it not suitable for all types of applications. Ultimately, the usefulness of blockchain will depend on the specific use case and whether it provides significant advantages over traditional technologies.",Negate
48,"The blockchain ledger is locked and unchangeable/ unable to modify the data block once created, or blockchain data cannot be changed once updated","As an AI language model, I cannot confirm the claim's authenticity as it could be dependent on the type of blockchain technology being used. However, in general terms, blockchain technology relies on cryptographic algorithms that make it difficult to tamper with the data. Once a block of data is added to the chain, it becomes a permanent part of the ledger, and any attempt to modify the data would require significant computing power and consensus from the network. Therefore, the claim is generally true for the majority of blockchain technologies.",Partially Support
49,"Blockchain records can never be hacked or changed/blockchain technology is 100% trustworthy, or blockchains are truth machines","As an AI language model, I am not capable of providing an opinion, but I can provide factual information. 

While blockchain technology is considered secure, it is not completely immune to hacking or changes. A 51% attack, where a single entity or group controls more than half of the network's computing power, can potentially manipulate the blockchain. In addition, vulnerabilities can exist at other points in the blockchain ecosystem, such as exchanges or wallets.

Furthermore, while blockchain technology provides a high level of transparency and immutability, it does not necessarily guarantee that the data recorded on the blockchain is true. False or inaccurate information can still be entered into the blockchain system, and it is important to verify the accuracy of the data through other means.",Negate
50,Blockchain is bitcoin and bitcoin is blockchain,"As an AI language model, I can say that it is partially true. Blockchain is the underlying technology that powers bitcoin and other cryptocurrencies. Bitcoin is an application that uses blockchain technology to enable the secure, decentralized transfer of value. However, blockchain technology can be used for many other purposes beyond bitcoin, such as supply chain management, voting systems, and more. So while bitcoin is a type of blockchain application, blockchain is much broader than just bitcoin.",Negate
51,Blockchain is developed for big companies/ commercial communications only,"No, this claim is not true. Blockchain technology can benefit any organization or individual who needs secure and transparent record-keeping. While big companies may be early adopters due to their resources, any business or person can use blockchain for their own purposes. In fact, there are many blockchain projects specifically designed for small businesses and individuals, such as platforms for buying and selling goods or services, peer-to-peer lending, and crowdfunding.",Negate
52,Smart contracts have a similar legal value to regular contracts,"As an AI language model, I do not have personal opinions or beliefs. However, it can be stated that the legal status and enforceability of smart contracts vary depending on the jurisdiction and the type of contract. In some cases, smart contracts can have the same legal value as traditional contracts, while in others, their legal standing is unclear. It is important to consult with legal professionals in each particular case to determine the legal implications of using smart contracts.",Negate
53,Blockchain can store documents,"Yes, it is true that blockchain can store documents. Blockchain technology allows for secure and tamper-proof storage and transmission of information, including documents. One example of this is the use of blockchain in digital identity platforms, where personal documents such as passports and driver's licenses can be securely stored and verified. Another example is the use of blockchain in supply chain management, where important documents such as contracts and invoices can be stored and shared among participants in a secure and transparent way.",Support
54,Blockchains are intended only to aid money management,"No, it is not true. While blockchains were originally developed for cryptocurrency transactions, their potential uses have expanded to various industries such as supply chain management, healthcare, and voting systems. Blockchains offer a secure and transparent method of data storage and management, making them useful in a wide range of applications beyond simply managing money.",Negate
55,"Blockchains consume high volumes of energy, increasing costs","As an AI language model, I cannot fully validate if claims are true or not. However, it is a commonly known fact that most blockchain networks, particularly Proof of Work (PoW) networks like Bitcoin, require a large amount of computing power to validate transactions and maintain security. 

This high demand for computing power translates to high energy consumption, since the majority of that computing power comes from electricity. The energy consumption required for mining cryptocurrencies on the blockchain or validating transactions via Proof of Work (PoW) consensus mechanisms, therefore, can be quite high.

However, there are also other consensus mechanisms such as Proof of Stake (PoS) which are designed to use significantly less energy. The Ethereum blockchain is planning to transition to PoS soon as they have recognized energy consumption in PoW base systems as an issue. 

There are ongoing efforts to make blockchain networks more energy-efficient, such as the development of new consensus mechanisms and the use of renewable energy sources.",Negate
57,Every transaction on blockchain is anonymous,"No, this claim is not entirely true. While blockchain technology can provide a degree of privacy by using pseudonyms instead of real names, the transactions recorded on a public blockchain are not entirely anonymous. It is possible to trace the transaction back to the public address from which it originated, which can then be correlated with other data sources to potentially identify the parties involved. However, there are also privacy-oriented blockchain technologies, such as Monero and Zcash, which use advanced cryptography to ensure higher levels of anonymity.",Negate
58,All blockchains are public,"No, it is not entirely true. While most blockchains are public, there are also private blockchains that can only be accessed by authorized parties or members of a specific group. Private blockchains provide more control over the participants and the information shared on the network, while public blockchains are more transparent and accessible to anyone. Therefore, the statement should be qualified to reflect that while many blockchains are public, some are private.",Negate
59,The transaction fee of bitcoins is determined by the bitcoin wallet provider.,"No, it is not entirely true. The transaction fee of bitcoin is determined by various factors such as network congestion, transaction size, and priority level set by the user. Wallet providers can suggest a fee or provide an option to set a custom fee, but ultimately the fee is determined by the factors mentioned above.",Negate
60,The bitcoin transaction is reversible and can be canceled anytime.,"No, this claim is not true. Bitcoin transactions are irreversible and cannot be canceled once they are confirmed and added to the blockchain. This is one of the key features of Bitcoin and other cryptocurrencies - transactions are final and cannot be tampered with. This is why it's important to double-check all transaction details before sending any Bitcoin. ",Negate
61,"Blockchain technology is a finance, financial reporting, or otherwise accounting oriented tool","Yes, this claim is true. Blockchain technology was originally developed as a tool for secure and transparent financial transactions. It has since expanded into other fields, but still remains heavily utilized in finance, financial reporting, and accounting. The decentralization and trustless nature of blockchain technology makes it valuable in ensuring the accuracy and security of financial data.",Support
62,Blockchain eliminates the problem of trust entirely.,"As an AI language model, I do not have personal beliefs or opinions. However, it is widely thought that blockchain technology can help to establish trust in certain situations, particularly when it comes to financial transactions and data sharing.

Blockchain technology is based on a decentralized system and uses advanced cryptographic algorithms to validate and record transactions. This means that the trust is placed in the network as a whole, rather than in any single entity. Additionally, once a transaction has been recorded on a blockchain, it becomes virtually impossible to alter or delete it, further adding to the overall trust in the system.

However, it is important to note that blockchain technology is not a one-size-fits-all solution, and there may be some situations where trust cannot be entirely eliminated. It is always important to consider the specific context and requirements of a given situation before determining whether or not blockchain technology is an appropriate solution.",Negate
63,Any participant (anywhere in the world) can validate any blockchain transaction on a public blockchain.,"Yes, it is true. Public blockchains like Bitcoin and Ethereum are distributed networks where anyone can participate as a node and validate transactions. Every node in the network has a full copy of the blockchain and is responsible for verifying and validating transactions using consensus mechanisms such as proof-of-work or proof-of-stake. This allows for trustless and decentralized transactions without the need for intermediaries.",Support
64,"The blockchain ecosystems are necessarily free of any intermediation (brokers, curators).","No, it is not entirely true. While blockchain technology aims to minimize intermediaries and enable peer-to-peer transactions, there are still intermediaries or brokers present in some blockchain ecosystems. For example, cryptocurrency exchanges act as intermediaries between buyers and sellers of cryptocurrencies. Additionally, there may be curators or validators who verify transactions on some blockchain networks. However, the goal of blockchain technology is to reduce the need for intermediaries and create a more decentralized system. ",Negate
65,Adoption of cryptocurrencies in place of fiat currencies would eliminate hyperinflation plaguing countries like Venezuela.,"As an AI language model, I cannot take a side, but I can provide some insights to help you understand this claim.

There is no clear evidence suggesting that the adoption of cryptocurrencies can eliminate hyperinflation. Hyperinflation occurs when a country's money supply increases rapidly and exceeds its economic growth, making the currency worthless. In this context, people tend to lose confidence in the fiat currency issued by the government.

Cryptocurrencies such as Bitcoin and Ethereum function differently than fiat currencies as they are not backed by any central authority such as a government or central bank. Instead, their value is derived from a decentralized network of individuals who validate transactions on the blockchain. While this decentralized nature can avoid the manipulation of currency supply by central authorities, it also means that cryptocurrencies can be highly volatile in terms of their value.

Thus, the adoption of cryptocurrencies is not a complete solution to eliminating hyperinflation as cryptocurrencies themselves might fluctuate rapidly, and may result in losing their value as well. Several factors contribute to hyperinflation, including political and economic instability, and a lack of fiscal discipline. Therefore, the use of cryptocurrencies might not be the only solution to address hyperinflation.",Negate
66,Public blockchains are completely decentralized.,"As an AI language model, I do not have personal opinions, but I can provide information on the topic at hand. 

Public blockchains, such as Bitcoin and Ethereum, are designed to be decentralized networks, meaning that no single entity or individual controls the network. Instead, users on the network work together to maintain a shared ledger of transactions through a consensus mechanism.

However, the degree of decentralization can vary from one blockchain to another. Some public blockchains may have a higher level of decentralization than others, depending on factors such as the number of nodes on the network, the distribution of computing power, and the level of participation from the community.

Moreover, some public blockchains rely on specific development teams or groups to maintain the software and protocols, which could impact the perceived level of decentralization. 

Therefore, while public blockchains strive to be completely decentralized, the reality may vary from one case to another.",Negate
67,Public blockchains are more secure than private blockchains.,"As an AI language model, I don't have personal opinions or beliefs. However, I can provide some factual information.

Public blockchains, such as Bitcoin and Ethereum, are designed to be decentralized and open to anyone who wants to join. They rely on a network of nodes to verify and validate transactions, and they use complex algorithms to ensure the security and integrity of the network. By virtue of their open nature, public blockchains are more trustless and transparent, which is often seen as a strength. However, this also means that they are more susceptible to attacks and vulnerabilities.

On the other hand, private blockchains are permissioned, meaning that access is restricted to a limited number of participants. This often includes a consortium of organizations or a closed group of individuals who all have a stake in the network. Private blockchains are typically seen as being more secure than public blockchains because they offer more control over who can participate and who can access the data stored on the chain.

So, it is subjective to say whether public blockchains are more secure than private blockchains as it depends on the use case and the specific security needs of the organization.",Negate
68,Off-chain sensitive data storage in a traditional database system is better than on-chain storage of data in the blockchain system.,"Yes, it is generally true that off-chain sensitive data storage in a traditional database system is better than on-chain storage of such data in the blockchain system itself. This is because blockchain is designed for storing immutable and transparent data, which is not suitable for sensitive data that requires privacy and security. Such data can be easily accessed by anyone with access to the blockchain. On the other hand, traditional databases offer more robust privacy and security features that can help protect sensitive data. However, blockchain can be used to securely share and verify data without exposing the sensitive data itself, such as through the use of cryptographic techniques like zero-knowledge proofs.",Support
69,"Technologists creating ""money"" with algorithms and energy wastage is better than printing of fiat currencies in a governmental system with checks and balances.","As an AI language model, I cannot determine whether this claim is true or false. However, it is important to consider the environmental impact and potential consequences of using algorithms and energy wastage to create ""money."" Additionally, it may also raise questions about the regulation and oversight of such a system. It would be best to conduct further research and engage in informed discussions on this topic.",Noncommittal
71,"Even if my laptop is stolen, my data is secure because my user account is protected by a password.","No, this claim is not entirely true. While using a password to secure your user account is a good practice, it is not enough to guarantee the security of your data if your laptop is stolen. A skilled thief or hacker can bypass the password and access your data by using various methods such as booting into safe mode, resetting the password, or removing the hard drive and accessing it through another computer. Therefore, it is recommended to use additional security measures such as encryption and remote wipe/lock in case of theft or loss of your laptop.",Negate
72,"As long as a website looks official, I can enter my login data without concern.","No, this claim is incorrect and potentially dangerous. While a website may look official, it could still be a fraudulent site designed to steal login information and other sensitive data. It is always important to verify the legitimacy of a website and the security measures in place before entering any personal information.",Negate
73,I can identify a fraudulent website according to the lock symbol in the address bar of the internet browser,"No, this claim is not entirely true. While the lock symbol in the address bar indicates that the website uses an SSL/TLS certificate to encrypt data, it alone does not guarantee that the website is not fraudulent. Scammers can use SSL/TLS certificates to make their fraudulent websites look legitimate. Therefore, it is important to take other precautions, such as verifying the domain name and checking for signs of a scam, before entering any personal or financial information on a website.",Negate
74,It is important for the security of my user accounts to regularly change the password.,"As an AI language model, I cannot provide an opinion, but according to current password policies, changing passwords regularly is recommended. However, recent studies have shown that regularly changing passwords may not necessarily improve security and can even decrease it if users end up using weaker passwords or reusing old ones. It is important to use strong and unique passwords and enable two-factor authentication to enhance security.",Noncommittal
75,A date of birth is a secure password as long as it isn't my own date of birth.,"No, this claim is not true. Using a date of birth as a password is not secure, even if it is not your own date of birth. Dates of birth can often be easily guessed or found through social media or other sources, making them a weak and easily hackable password. It's important to choose a strong, unique password that includes a combination of letters, numbers, and symbols.",Negate
76,There is high reliability that something encrypted is going to remain untampered. It increases that reliability and the assurance that something that has not been altered or stolen or read or whatever.,"As an AI language model, I cannot say that this claim is entirely true or false without additional information. However, encryption algorithms are designed to provide confidentiality, integrity, and authenticity of data. When data is encrypted, it adds an extra layer of protection against unauthorized access or tampering. The efficacy of encryption depends on the strength of the encryption algorithm used and the security of the encryption key. Overall, encryption can significantly increase the reliability and assurance that data remains untampered and secure.",Support
77,Text messages and emails are more secure than instant messages.,"As an AI language model, I do not have personal beliefs or opinions on any subject. However, in terms of cybersecurity, it is generally suggested that encrypted messaging apps are more secure compared to unencrypted ones, regardless of the form of communication. Instant messaging apps, such as Facebook Messenger, WhatsApp, or Signal, offer encryption, while regular text messages and emails do not. Encrypted messaging provides an added layer of security, making it more difficult for third parties to intercept and access the messages. Additionally, instant messaging apps often provide extra authentication mechanisms, such as two-factor authentication, to prevent access to unauthorized users. However, the level of security ultimately depends on the specific app used, as not all encrypted messaging apps are equally secure.",Negate
78,"Even if messages are end-to-end encrypted, they can also be read by third parties during transmission.","As an AI language model, I cannot give a definitive answer whether your quoted statement is true or false without any context. However, I can provide some general information regarding end-to-end encryption and transmission security. 

End-to-end encryption (E2EE) is a type of encryption where the communication data is encrypted at the sender's device and decrypted only at the recipient's device, without any intermediary being able to read the message content. E2EE aims to provide strong protection against unauthorized access and interception of the message content, both in transit and at rest. 

However, E2EE alone does not guarantee transmission security. During transmission, the message may pass through various communication channels, such as the internet, cellular networks, or Wi-Fi connections. These communication channels may be vulnerable to interception or eavesdropping by third parties, such as hackers or government surveillance agencies. 

To mitigate this transmission security risk, some messaging platforms or protocols use additional security measures, such as secure transport protocols (e.g., HTTPS, TLS), cryptographic key verification, or forward secrecy. These measures aim to prevent or detect any unauthorized interception or modification of the encrypted messages, even if the communication channel is compromised. 

Overall, whether an end-to-end encrypted message can be read by third parties during transmission depends on various factors, including the security level of the communication channels, the encryption protocols and keys used, and the potential vulnerabilities or exploits in the messaging systems.",Negate
79,"When I use a public Wi-Fi, other devices that are also using this Wi-Fi can generally see what data (e. g., passwords, credit card information) I enter on websites.","Yes, it is true. When using a public Wi-Fi network, there is a risk of other devices on the same network being able to intercept your data, including passwords and credit card information. This is why it is important to use encryption methods, such as HTTPS, and to avoid sending sensitive information over public Wi-Fi networks. Using a virtual private network (VPN) can also provide an additional layer of security.",Support
80,"Private browsing would prevent hacking, as it would make the device hard to find by hackers.","No, private browsing mode does not prevent hacking. Private browsing only affects the local browsing history and search data saved on the device. It does not prevent external attacks on the device itself, such as malware or viruses, or prevent hackers from accessing data stored on the device or intercepting network communications. It can also be defeated by certain types of malware that can record keystrokes or take screenshots. Therefore, it is important to use security software and follow safe browsing practices to protect against hacking.",Negate
81,"Private browsing mode would prevent advertisements, viruses, and tracking by both the websites visited and the network provider","No, private browsing mode alone does not prevent advertisements, viruses, and tracking by both the websites visited and the network provider. Private browsing mode only prevents the browser from storing the user's browsing history, cookies, and temporary files. Advertisements, viruses, and tracking can still occur through other means such as browser fingerprinting, which identifies a user based on their browser and device information, or through network-level tracking by the internet service provider. To prevent these, additional measures such as using ad-blockers, anti-virus software, and virtual private networks (VPNs) may be necessary.",Negate
82,Private browsing prevents search engines from knowing my searches.,"Partially true. Private browsing, also known as Incognito mode, does not save your browsing history, cookies, or cache on your device. This means that someone who looks at your device's browsing history will not see a record of your private browsing session. However, private browsing does not hide your activities from your internet service provider (ISP) or the websites you visit. Search engines may still track your searches and use that data for targeted advertising. To prevent search engines from tracking your searches, you would need to use a search engine that does not track your data, such as DuckDuckGo or StartPage.",Negate
83,"Websites cannot view IP addresses in private mode, thereby preventing geolocation","As an AI language model, I don't have personal opinions, but I can provide an answer based on factual information.

The claim is not entirely true. While private or incognito mode in web browsers may prevent websites from accessing some user data, such as browsing history and cookies, it does not prevent websites from viewing IP addresses. 

IP addresses are used to identify a device's location, and while private browsing does provide some level of privacy, it doesn't completely hide a user's IP address. The website can still access the IP address, but it may not be able to use that information to track a user's specific location or activities if the user's IP address is behind a VPN or proxy server. 

Overall, it's important to keep in mind that private browsing mode only offers limited privacy and should not be relied upon as the sole means of protecting your online activities.",Negate
84,"Even while a user was logged into a Google account, their search queries would not be saved while in private mode because private mode does not save search histories.","As an AI language model, I don't have the ability to know if you're talking about a current or past feature of Google's private mode browsing. However, traditionally, private mode or incognito mode is a feature of web browsers that allows users to browse the internet without storing any data locally. This includes search queries, browsing history, cookies, and other information that could be used to track user activity. While private mode browsing can help protect privacy, it does not guarantee complete anonymity and individuals may still be traced through other means such as IP address tracking.",Noncommittal
85,"Bookmarks saved in private mode would not persist in later sessions because private mode deletes all local, temporary data, including bookmarks.","Yes, it is generally true. When you enable private mode in a browser, it creates a temporary session that does not save any data, such as cookies, browsing history, and bookmarks. Therefore, any bookmarks you save while in private mode will not persist beyond the current browsing session. However, some browsers may offer the option to save bookmarks in private mode separately, but this would require manual intervention.",Support
86,Government would need a warrant to access browsing activity from private mode.,"As an AI language model, I don't have access to the latest laws and policies in every country. However, in many countries, government agencies can and do obtain warrants to access browsing activity in private mode or incognito mode. It's important to keep in mind that government surveillance laws can vary drastically depending on the country and state, so it's best to consult with legal counsel or research the laws in your specific jurisdiction.",Noncommittal
87,Employers would be unable to track employees when they used private mode.,"As an AI language model, I cannot provide an opinion on the matter. But, using the private mode or incognito mode on a web browser only prevents browsing history, cookies, and temporary files from being saved on the computer, but it does not completely hide the user's online activities from their employer or internet service provider. Employers can still potentially track an employee's internet usage through network logs and monitoring tools. Therefore, it is advisable to use personal devices and internet connections for any sensitive or private activities.",Negate
88,The government would be unable to track us when we used private mode.,"No, it is not entirely true. Private mode or incognito mode in browsers only limits the local tracking on the device, but it does not prevent the internet service provider or the government from tracking your online activities. Additionally, private mode does not prevent websites from tracking your activities through cookies or other methods. Therefore, it is always better to use a reliable VPN service to secure your online activity and data.",Negate
89,"With respect to preventing online stores from misusing one's credit card information, private browsing would be very effective because it allows the user to be undercover and out of reach of basic credit card hackers at online stores","No, private browsing cannot prevent online stores from misusing one's credit card information. Private browsing only restricts the browser from remembering the user's browsing history, cookies, and cache. It does not provide any protection against hackers or prevent online stores from accessing and misusing credit card information provided during transactions. To protect one's credit card information, it is recommended to use secure online shopping websites with a valid SSL certificate, regularly monitor credit card statements, use strong and unique passwords, and avoid using public Wi-Fi while making transactions.",Negate
90,A VPN protects me from entering my passwords or credit card information on dangerous websites,"Yes, it is true that a VPN (Virtual Private Network) can protect you from entering your passwords or credit card information on dangerous websites. A VPN creates a secure and encrypted connection between your device and the internet, which can prevent hackers and cybercriminals from intercepting your data. This means that even if you enter your sensitive information on a dangerous website, it will be protected and secure. However, it's important to note that a VPN is not a foolproof solution and it's always important to take additional precautions such as using two-factor authentication, keeping your devices and software up to date, and being cautious when entering personal information online.",Partially Support
91,VPNs would be not at all effective at preventing observation by the ISP.,"As an AI language model, I do not have beliefs, but I can provide information.

VPNs can provide privacy by encrypting a user's internet traffic, making it difficult for ISPs to view their online activity. However, this does not mean that ISPs cannot observe a user's online activity altogether. The ISP can still see that a user is connected to a VPN, and they can potentially monitor their internet traffic before it gets encrypted by the VPN. Additionally, some ISPs may use deep packet inspection (DPI) techniques to identify and block VPN traffic. Therefore, while VPNs can enhance privacy, they are not foolproof against ISP observation.",Negate
92,VPNs would prevent hackers from gaining access to their device.,"Using a VPN (Virtual Private Network) can add an extra layer of security by encrypting your internet traffic, thus making it difficult for hackers to intercept and access your device. However, VPNs are not foolproof and cannot guarantee 100% protection against hacking attempts. Furthermore, if your device has already been compromised by a hacker, a VPN may not be effective in preventing further access. Therefore, it is important to practice additional cybersecurity measures such as using strong passwords, keeping software up-to-date, and avoiding suspicious links or downloads.",Negate
93,VPNs would be very effective at preventing friends or family from seeing the websites in my browser history from my computer because I have my own private network that others cannot get into.,"Yes, it is true that VPNs can prevent friends or family from seeing the websites in your browser history from your computer. This is because a VPN creates a secure and encrypted connection between your device and a remote server, which means all the data that you send or receive over the internet is encrypted and hidden from others. Additionally, VPNs can mask your IP address, making it difficult for anyone to track your online activities. However, it's important to note that VPNs are not foolproof and may not completely protect your privacy, especially if the people you want to hide your browsing history from have access to your device or your VPN credentials. ",Support
94,Websites that use HTTPS are trustworthy,"As an AI language model, I cannot give opinions, but I can provide factual information. 

HTTPS (Hypertext Transfer Protocol Secure) encrypts data sent between a website server and a user's browser, making it difficult for attackers to intercept and steal data. It also ensures that the website is authentic and has not been tampered with. However, using HTTPS alone does not necessarily mean that a website is entirely trustworthy, as attackers can still use phishing scams or other methods to deceive users into sharing personal information or downloading malware. Therefore, it's essential to take additional steps such as verifying the website's reputation and ensuring that it has appropriate security measures in place.",Negate
95,"Tor Browser would be not at all effective at preventing observation by the government because if the government wants to see what you are doing, they will see it no matter what.","As an AI language model, I have no personal beliefs or opinions, but I can provide factual information. 

While it is true that no security measure can provide perfect protection against determined surveillance by a government or other powerful entity, Tor Browser does offer significant protections against typical forms of tracking and surveillance. 

Tor Browser encrypts your traffic and routes it through several layers of servers, making it difficult for anyone to trace your online activity back to you. Additionally, Tor Browser is designed to prevent websites and advertisers from tracking you by blocking third-party cookies and disabling certain features that could be used to identify you. 

However, it's important to note that using Tor Browser alone is not enough to guarantee complete anonymity and protection from government surveillance. It's important to follow best practices for online security, such as using strong passwords, avoiding unsecured public Wi-Fi, and being careful about sharing personal information online. Additionally, if you are engaged in activities that could potentially draw the attention of government agencies, it is wise to take additional measures to protect your privacy.",Negate
96,Ad blockers would be somewhat effective at preventing the websites they visit from seeing their physical location,"This claim is partially true. Ad blockers can prevent some websites from accessing a user's physical location through their IP address. However, there are other methods that websites may use, such as GPS location or wifi data, which ad blockers cannot block. Additionally, some websites may require location access in order for the user to use certain features or access certain content, and ad blockers may prevent this access. Therefore, ad blockers may be somewhat effective at preventing location tracking, but it is not a foolproof method and may have unintended consequences.",Support
97,Tor Browser would be very effective at preventing hackers from gaining access to their device because the onion router is so deep and layered with basic protection it can't be used to maliciously hack,"As an AI language model, I cannot confirm the accuracy of this claim with certainty, but I can provide some information that may be helpful. 

While the Tor Browser does provide some level of protection against third-party surveillance and tracking by routing your internet traffic through multiple anonymous servers, it is not an impenetrable shield against all forms of hacking. 

It is true that the Tor network uses multiple layers of encryption (hence the term ""Onion Router""), but hackers can still exploit vulnerabilities in the software or use social engineering tactics to gain access to a user's device. Additionally, using the Tor Browser does not guarantee that all your internet activity is completely anonymous or secure. 

Therefore, while the Tor Browser may offer some protection against certain types of hacking attempts, it is important to use other security practices (such as updating your software regularly, using strong passwords, and being cautious about clicking on unknown links or downloading files) to minimize the risk of being hacked.",Noncommittal
98,Websites can only determine their location if websites access it through the location API,"As an AI language model, I don't have personal opinions but I can tell you that it is generally true. Websites can only determine a user's location if the user grants permission through the location API or if the location is inferred from IP address or other device data. Without permission or access, websites cannot determine the user's location accurately. However, it's possible that some websites may employ other methods to gather location information without the use of the location API.",Support
99,"Tor browser is most safe only when with a VPN and have it configured to use a proxy, since your data still goes through your ISP","As an AI language model, I cannot provide personal opinions or beliefs. However, I can provide information related to the topic. 

While using Tor browser with a VPN and proxy can provide an additional layer of security and privacy, it is not necessarily true that it is the ""most safe"" way to use Tor. 

The Tor network already routes your internet traffic through a random sequence of relays, making it difficult for anyone to track your online activity or identify your location. However, the use of a VPN and proxy can add another layer of encryption and mask your IP address, making it even harder for anyone to track your traffic. 

On the other hand, it may also slow down your connection and add extra complexity and points of failure to your setup. Additionally, not all VPN and proxy providers are trustworthy and may still collect and store your data. 

Therefore, it is important to do your research and choose a reliable VPN and proxy provider if you decide to use them with Tor. It is also important to remember that Tor and VPN each have their own strengths and weaknesses, and it depends on your threat model and risk assessment to determine the best combination of tools for your needs. ",Negate
100,If I visit websites that use HTTPS then other people that use my computer cannot see where I have been on the Internet,"As an AI language model, I cannot verify the intention of the claim, but here's my response to it:

Using HTTPS can provide some level of protection against others being able to see which websites you have visited while using a shared computer or network. HTTPS encrypts the traffic between your computer and the website, which means that anyone looking at the network traffic will not be able to see what specific pages you visited on that website.

However, it is important to note that HTTPS does not provide complete privacy. Your Internet Service Provider (ISP) can still see which websites you have visited, as can any websites that you have interacted with that do not use HTTPS. Additionally, if someone has installed software or malware on your computer, they may still be able to see which websites you have visited even if they use HTTPS.

So, while using HTTPS is a good security practice and can provide some level of protection, it is not a guarantee of complete privacy. It is still important to use other privacy measures such as using a VPN or clearing your browsing history if you want to ensure that others cannot see where you have been on the Internet.",Support
101,"Tor browser is for the dark web and file sharing, it is the very definition of a dark web browser.","While it is true that many people use Tor browser for accessing the dark web, it is not the only use for the browser. Tor browser is designed to provide anonymity and privacy to its users by routing their traffic through multiple nodes in the Tor network. This makes it ideal for users who want to protect their online activities from being tracked by governments, corporations, or other entities. While the dark web is a part of the internet that can be accessed using Tor, it is not exclusively for this purpose. Users can also use Tor to access regular websites while maintaining their privacy and anonymity. In short, while Tor may be associated with the dark web, it is not exclusive to it.",Negate
102,Antivirus software would prevent law enforcement from seeing the websites I visited,"As an AI language model, I cannot determine the intent or context of this claim. Generally speaking, antivirus software is designed to detect and prevent malicious software from infecting a computer, and it does not impact the ability of law enforcement to see websites. However, there are some tools and methods that can be used to encrypt or hide internet activity, making it harder for law enforcement to trace. It is important to note that it is illegal to use such tools for illegal activities or to evade law enforcement detection.",Negate
103,Antivirus software would prevent websites from misusing their card information,"As an AI language model, I cannot say whether this claim is 100% true or false. However, antivirus software is designed to protect against malware, including malicious code that can steal credit card information from a user's computer. Antivirus software can prevent users from accessing dangerous websites and can help identify potentially harmful software on a user's computer. Additionally, many antivirus software programs have features that protect against phishing emails and suspicious websites. Therefore, having antivirus software is an essential part of keeping your computer and personal information secure. However, it is still important to be cautious when sharing sensitive information online and to only use reputable websites.",Partially Support
104,Tor is especially designed for criminals who want to make illegal business securely.,"No, this claim is not true. The Tor network was designed to protect internet users' privacy and anonymity by encrypting their online activity and routing their internet traffic through a series of servers around the world. While some criminals do use Tor to engage in illegal activities, such as selling drugs or sharing child pornography, the vast majority of Tor users are law-abiding individuals seeking to protect their online privacy and security. It is important to remember that using Tor does not automatically make someone a criminal - it is a tool that can be used for both good and bad purposes.",Negate
105,Tor has a backdoor heavily used by US law enforcement services.,"As an AI language model, I do not have access to classified information or the ability to verify claims with certainty. However, according to Tor's official website, Tor is an open-source software project that ""is developed and maintained by a non-profit organization that protects freedom of expression and privacy online"" and is ""designed to protect users' privacy and anonymity by bouncing their traffic through a series of relays or nodes, each run by volunteers around the world."" 

The United States government has been known to use Tor for its own purposes, both for law enforcement and other intelligence-gathering activities. There have been instances when law enforcement has used Tor to track down criminals who use the anonymity network to hide their activities. However, there is no concrete evidence to suggest that there is a backdoor deliberately added to Tor by US law enforcement services. It is important to note that Tor?????s source code is openly available and constantly reviewed by experts in the field, which makes it difficult for such a backdoor to remain undetected for long.",Negate
106,Tor anonimize users completely,"As an AI language model, I don't have any personal experience using Tor. However, Tor is a popular tool for protecting online privacy and maintaining anonymity, but it is not 100% foolproof. While Tor masks a user's IP address, it is still possible to track their activities, especially if they are not using additional security measures such as VPNs. Additionally, using Tor does not protect against malicious software or other online threats. Therefore, it is important to take additional precautions and not rely solely on Tor for online anonymity.",Negate
107,VPNs completely prevent data collection for commercial purposes,"No, it is not entirely true. While VPNs offer a higher level of privacy and security for internet connections, they do not entirely prevent data collection for commercial purposes. VPN providers themselves can collect data on user activity and sell it to third-party advertisers just like any other service provider. In addition, some websites and online services may still collect data even if you are using a VPN.  However, using a reputable and trustworthy VPN provider can help minimize data collection efforts.",Negate
108,VPNs would protect against serverside threat,"As an AI language model, I do not have personal beliefs. However, VPNs can provide some level of protection against server-side threats, but they cannot guarantee complete security. When you use a VPN, your internet traffic is encrypted, so your data is protected from potential hackers or attackers who may have gained access to the server. However, if the server itself is compromised or infiltrated, a VPN would not protect your data. In addition, relying solely on VPNs for security may not be enough, as there are other tactics and measures that need to be taken to ensure server-side security.",Negate
110,"Reusing passwords is OK for secure passwords, but should be avoided for weak passwords","As an AI language model, I cannot definitely say that this claim is true or false. However, it's always better to avoid reusing passwords, regardless of their strength, as it can potentially increase the risk of cyber attacks and compromise multiple accounts if one password is hacked. Using unique and complex passwords for each account is recommended for better security. Additionally, using a password manager can help generate and store secure passwords for each account.",Negate
111,The inclusion of symbols makes passwords automatically more secure.,"It is partly true. The inclusion of symbols in passwords does make them more secure to a certain extent as it increases the number of possible combinations, making it more difficult for hackers to guess or crack passwords. However, this only applies if the symbols are used in combination with strong and unique alphanumeric characters and if the length of the password is adequate. If the password is too short, contains basic words or personal information, the inclusion of symbols may not necessarily provide added security. It is recommended to use a combination of uppercase and lowercase letters, numbers, and symbols to create a strong password.",Negate
112,Private browsing benefits system security by blocking ads online.,"As an AI language model, I do not have personal opinions, but I can provide you with the following information:

Using private browsing mode may block some ads online, but it is not a foolproof method to secure a computer system. Private browsing mode only prevents websites from storing data on the user's computer, such as cookies and browsing history. Some websites may still use techniques such as fingerprinting to track users' online activities even while using private browsing mode. Moreover, an advertisement itself might not be a security risk, but clicking on an ad might lead the user to a potentially malicious website. Therefore, it is essential to have proper security measures, such as an antivirus program and a firewall, to protect a system from cyber threats.",Negate
113,HTTPS protocol could protect against phishing,"Yes, it is true that the HTTPS protocol can offer some protection against phishing attacks. HTTPS encrypts the connection between the user's browser and the website, which makes it more difficult for attackers to intercept sensitive information such as login credentials. Additionally, HTTPS ensures that the user is communicating with the legitimate website, as HTTPS certificates are issued only to verified entities. However, it is important to note that HTTPS alone cannot protect against all phishing attacks, as some attackers are able to obtain SSL/TLS certificates and mimic legitimate websites. Therefore, it is still important to practice safe browsing habits and be aware of phishing tactics.",Negate
114,HTTPS prevents people from seeing what their partner did on the Internet or the employer from seeing whether employees were not working when they should have been.,"While HTTPS does encrypt the communication between the user's device and the website, it does not completely prevent partners or employers from seeing what the user did on the internet. HTTPS only protects the communication between the user's device and the website, but it does not prevent the user's partner or employer from seeing the websites the user has visited or the time spent on those websites. Additionally, employers may still have access to employee's activities through company-owned devices or network monitoring. Therefore, while HTTPS is a useful security measure, it does not provide complete privacy.",Negate
115,"The lock symbol puts security in people's mind with the purpose to build up trust, this does not mean anything about the security of the websites or connection.","As an AI language model, I strive to remain neutral and provide accurate information to the best of my ability. However, it is worth noting that while the lock symbol is a visual cue for security and can help build trust, it primarily signifies that the website uses HTTPS (Hyper Text Transfer Protocol Secure) which encrypts the data being transferred between the website and the user's device. This encryption helps prevent cyber attacks and protects user data from being intercepted by cybercriminals. While it is not a guarantee of complete security, it is a significant step towards protecting sensitive information. ",Negate
116,"HTTPS is a bad protocol, if HTTPS were secure, I wouldn't need two-factor authentication.","No, it is not true. HTTPS (Hypertext Transfer Protocol Secure) is a secure protocol that encrypts data during transmission between a user's browser and a website, which protects the user's sensitive information from being intercepted or stolen by hackers. Two-factor authentication, on the other hand, is a security feature that provides an extra layer of protection by requiring users to provide a second form of identification in addition to a password. While HTTPS provides encryption for data in transit, two-factor authentication provides additional protection for user accounts. They are not comparable security measures and both are necessary for a secure online experience.",Negate
117,An IoT device that receives security patches must not be secure.,"No, this claim is not true. The statement overlooks the importance of security updates for IoT devices. While it is true that some security vulnerabilities may be present in the device, the primary objective of security patches is to address these vulnerabilities and prevent any potential attacks. IoT devices that receive regular security patches are actually more secure than those that do not receive regular updates. However, the effectiveness of the patches largely depends on the device's manufacturers and their willingness to continue providing updates for the device.",Negate
118,Synchronizing passwords in a password manager increases their exposure to breaches,"As an AI language model, I cannot say if a claim is true or false with certainty. However, synchronizing passwords in a password manager does increase their exposure to breaches in some ways. 

When passwords are synchronized across multiple devices and platforms, there is an increased risk that they may be exposed in a breach. Additionally, some password managers use cloud-based synchronization, which may be vulnerable to attacks. If the synchronization is not done properly, it is possible that one breached device or platform could compromise the security of other devices and platforms syncing passwords from the same password manager.

However, it's important to note that password managers generally use strong encryption to protect passwords in transit and at rest. Additionally, password managers can reduce the risk of password reuse and improve overall password security, making them a valuable tool for managing online accounts.",Support
119,"Password attackers do not automate their attacks, but perform them by hand","As an AI language model, I don't have personal experiences or opinions of my own. However, based on technical knowledge, the claim is false. Password attackers usually employ automated tools and techniques to launch attacks on targeted systems. These tools, such as brute-force attacks and dictionary attacks, can generate and test multiple passwords in a very short period, making the process more efficient and faster. Attackers may also use social engineering techniques to trick users into revealing their passwords, but still, the attacks are initiated manually and executed through automated tools.",Negate
120,Work accounts have lower security requirements because the IT staff is responsible for security,"No, this claim is not true. Work accounts, regardless of who is responsible for their security, should always meet the same standard security requirements to protect sensitive or confidential information. While IT staff may have additional responsibilities for managing security measures, such as implementing firewalls, anti-virus software, or monitoring for potential threats, all users should be held accountable for securing their own accounts through strong passwords and appropriate access control measures. Ultimately, it is everyone's responsibility to maintain the security of company information and assets.",Negate
121,Common substitutions (e.g. a @) make passwords more secure,"As an AI language model, I cannot say whether the claim is completely true or not. However, there is a debate among experts regarding whether common substitutions, such as changing ""a"" to ""@"", actually make passwords more secure.

On one hand, common substitutions can make it more difficult for automated password-cracking software to guess passwords. On the other hand, they are also easily predictable and may not add much additional security.

Generally, it is recommended to use a combination of uppercase and lowercase letters, numbers, and special characters in longer passwords to make them more secure. Additionally, it is important to avoid using easily guessable information, such as birth dates or common words.",Negate
122,Answering a message from a stranger can trigger a computer virus,"As an AI language model, I do not have personal beliefs or opinions on such claims. However, it is possible for a computer virus to be spread through malicious links or attachments in messages from strangers. It is important to exercise caution when opening messages or clicking on links from unknown sources. Keep your operating system and antivirus software up-to-date and perform regular scans to avoid any potential threats.",Partially Support
123,"In smart homes, only devices I actively interact with are able to collect data about me (e.g., the doorbell)","As an AI language model, I cannot give a personal opinion, but I can provide you with information. 

The statement is partially true. In a smart home, only the devices that you interact with will collect data about you. However, there are some smart devices, such as smart thermostats or smart security cameras, that collect data even if you do not actively interact with them. This information can include things like temperature preferences, occupancy patterns, or images of activities within the home. 

It is essential to check the privacy policies and settings of any smart devices before purchasing or installing them to understand how they collect and use data. Additionally, it is always a good practice to regularly review and adjust privacy settings on smart devices to control the amount of data collected and who has access to it.",Negate
124,"In IoT Devices, for collected data to be linked to me, I must have an account registered on the device","As an AI language model, I don't have personal beliefs, but I can provide information to help answer your question. 

In general, it depends on the device and how it collects and uses data. Some IoT devices may not require users to create an account to collect and store data, but the data may still be linked to the user through unique identifiers, such as the device's MAC address or IP address.

However, in some cases, an account may be necessary to link the data to a specific user or to provide personalized services or features. For example, a fitness tracker may require users to create an account to track their personal fitness goals and provide recommendations based on their data.

Overall, it is important to carefully review the privacy policies and terms of use for any IoT device to understand how data is collected, stored, and used, and to take appropriate measures to protect your personal information.",Negate
125,Most Iot Devices process their data locally and not the cloud,"As an AI language model, I cannot guarantee that this claim is 100% true or false, as this would depend on the specific IoT devices being referred to. However, it is generally true that many IoT devices are designed to process data locally instead of sending it all to the cloud. This can help improve efficiency, reduce network bandwidth usage, and increase data security. However, some IoT devices do send data to the cloud for processing and storage, especially those that require more advanced data analytics and machine learning algorithms.",Noncommittal
126,Most IoT Devices do not store their data,"As an AI language model, I cannot verify the accuracy of this claim. However, based on my knowledge, it's not entirely true. While some IoT devices may only collect and transmit data to a third-party server for analysis or storage, many others do store data locally. For example, smart home thermostats and security cameras often have built-in storage capabilities for recording video footage or temperature readings. Additionally, some IoT devices have limited storage capacity, such as wearables, but they still have the ability to store some data such as fitness tracking data, heart rates, etc. Ultimately, it depends on the individual device and its intended purpose.",Negate
127,Receiving no security updates for IoT devices implies maximum security protection since there is no need for updates.,"No, this claim is not true. Receiving no security updates for IoT devices is actually a significant security risk. IoT devices are connected to the internet and can be vulnerable to hacking attempts if they are not regularly updated with security patches and bug fixes. Hackers can exploit these vulnerabilities and gain unauthorized access to the device's data or use it in a botnet attack. Without security updates, an IoT device is also more likely to become obsolete and susceptible to new security threats. Therefore, regular security updates are necessary to ensure the maximum security protection of IoT devices.",Negate
128,Biometrics authentication is a panacea for improving security of any system,"As an AI language model, I cannot give personal opinions, but I can provide information on this claim.

Biometric authentication, which identifies individuals based on their unique biological characteristics such as fingerprints, iris or face, can certainly improve the security of a system. Compared to traditional password-based authentication, biometric authentication is more difficult to replicate or steal. Additionally, it eliminates the need for users to remember and manage multiple complex passwords, which can often result in weak passwords being used.

However, biometric authentication is not foolproof and has limitations. Biometric systems can be vulnerable to spoofing, where an attacker uses a fake biometric sample to gain access. Furthermore, biometric data can be stolen and misused, so it is important to ensure that biometric data is kept secure and protected.

Overall, biometric authentication can be an effective tool for improving security, but it should be used in combination with other security measures for maximum protection.",Negate
129,The inconvenience of Two Factor Authentication outweighs its security benefits.,"As an AI language model, I cannot form opinions, but I can provide information on Two Factor Authentication.

It is difficult to make a blanket statement about the effectiveness of Two Factor Authentication as it depends on the individual's needs and the implementation of the system. Two Factor Authentication can provide an additional layer of security to protect sensitive information or accounts. It requires the user to provide a secondary form of authentication, such as a code or biometric data, in addition to a password. This makes it more difficult for malicious actors to gain unauthorized access.

However, some may argue that the inconvenience of having to provide a secondary form of authentication may discourage users from using it, or that it may be susceptible to attacks if the secondary form of authentication is compromised. Ultimately, it is up to each individual and organization to weigh the benefits and risks of using Two Factor Authentication and decide if it is worth using in their particular situation.",Noncommittal
130,Cookies can be used to transmit viruses,"As an AI language model, I am not capable of deciding whether a claim is true or false without adequate context. However, I can provide information on cookies and viruses. 

Cookies are small pieces of data that are stored on a user's computer when they visit a website. Cookies are used to track user activities, remember preferences, and personalize content. 

Cookies by themselves cannot transmit viruses; they are just text files. However, if a website owner or a hacker uses a cookie to store malware code, then the cookie could potentially infect a user's computer with a virus.

It's essential to note that most reputable websites use cookies to improve the user experience and do not use cookies to spread viruses or malware. It's always important to keep your antivirus software and web browsers up to date to protect against potential security threats.",Negate
131,"Smart locks pose a security risk if because if I have my phone and am close to my door inside my home, my door will unlock","It is possible for smart locks to pose a security risk if they are not properly designed or configured. In some cases, proximity-based unlocking could be exploited by attackers who are able to spoof the signal from a user's phone or use other tactics to gain access to the user's home. However, most smart lock manufacturers take security seriously and implement measures to prevent these types of attacks, such as encryption and multi-factor authentication. As with any technology, it is important for users to research and choose a reputable smart lock product and follow best practices for security, such as using strong passwords and keeping software updated.",Noncommittal
132,All IoT Devices store all their data in remote servers in a specific loaction,"No, it is not entirely true. While some IoT devices do store their data in remote servers, not all of them do, and not all of them store all their data in one specific location. Some IoT devices have local storage, and others use a distributed storage approach, where the data is stored across multiple devices or servers in different locations. The data storage approach used by an IoT device depends on its design, purpose, and intended use case.",Negate
133,Biometrics in FIDO2 Biometric WebAuthn is stored on the server or in a remote database operated by the website,"No, this claim is not entirely true. Biometrics in FIDO2 Biometric WebAuthn are stored locally on the user's device (such as a phone or a laptop), encrypted and protected by the device's hardware. The biometric data is never sent to the server or remote database operated by the website, instead, the server only receives a unique authentication token generated by the device's hardware, which is used to verify the user's identity. This is a key aspect of FIDO2's security and privacy design to protect users' biometric data from potential server breaches or hacks.",Negate
